{"train_steps_per_second":0.038,"train/step":0,"train/loss":4.7772,"train_loss":15.888246854146322,"_runtime":79,"eval/loss":3.552025318145752,"eval/runtime":19.0114,"train_runtime":79.4768,"_step":6,"train_samples_per_second":1.007,"eval/accuracy":0.3,"eval/steps_per_second":0.158,"train/learning_rate":5e-05,"_wandb":{"runtime":79},"train/epoch":1,"_timestamp":1.752423224403852e+09,"train/global_step":3,"eval/samples_per_second":0.526,"train/grad_norm":26.897686396638452,"total_flos":2.446918336512e+13}